preview_duration_sec,tempo_bpm,beat_confidence,rms_loudness,key,mode,key_strength,spectral_centroid_mean,spectral_rolloff_mean,danceability_score,not_danceable_score,valence,arousal,genre_1,genre_1_score,genre_2,genre_2_score,genre_3,genre_3_score,genre_4,genre_4_score,genre_5,genre_5_score,genre_family_blues,genre_family_brass_and_military,genre_family_children's,genre_family_classical,genre_family_electronic,genre_family_folk_world_and_country,genre_family_funk__soul,genre_family_hip_hop,genre_family_jazz,genre_family_latin,genre_family_non_music,genre_family_pop,genre_family_reggae,genre_family_rock,genre_family_stage_and_screen,audio_feature_error,preview_file
29.952290249433105,102.82649230957031,0.6208184361457825,0.09087617695331573,G,minor,0.8818214535713196,2055.524300407569,1712.8653977657823,0.0014922865,0.99850774,4.801398,4.6805863,Pop---Vocal,0.5121213,Stage & Screen---Soundtrack,0.17766345,"Folk, World, & Country---Catalan Music",0.13239731,Non-Music---Audiobook,0.10802078,Children's---Story,0.10461711,0.07674131,0.06830782,0.10795476,0.15105832,0.01989211,0.31628597,0.008285489,0.0013715577,0.144401,0.060173385,0.17724276,0.7019236,0.0036671008,0.07700352,0.2468042,,thurl_ravenscroft__you_re_a_mean_one_mr_grinch__1440902235.0.m4a
29.92907029478458,76.50391387939453,4.216772556304932,0.31615936756134033,A,minor,0.8588985800743103,3935.3417154947915,2032.1000635901162,1.0,7.547193e-08,4.9769974,5.487886,Hip Hop---Gangsta,0.15419169,Hip Hop---Bounce,0.103842065,Hip Hop---Conscious,0.10315737,Hip Hop---Thug Rap,0.09446235,Hip Hop---Screw,0.08283706,0.0011201185,0.00016825904,7.494304e-05,3.9383714e-05,0.11123241,0.005526156,0.105076745,1.1314813,0.0028783856,0.011415961,0.003460741,0.017543113,0.024062948,0.032819368,0.0035941107,,eminem__3am__1440738087.0.m4a
29.975510204081633,107.03575897216797,3.5051236152648926,0.33672985434532166,E,major,0.9369925856590271,2275.0259566174204,1120.559890794311,0.9993808,0.0006192571,5.6744065,4.5993147,Rock---Indie Rock,0.42028415,Rock---Alternative Rock,0.2906013,Rock---Dream Pop,0.18556899,Pop---Indie Pop,0.11453932,Rock---Brit Pop,0.10028855,0.0046437,0.000103805934,6.1096915e-05,0.00090079155,0.33563083,0.018790843,0.057845853,0.13868657,0.004741131,0.0021817542,0.003517612,0.18507418,0.0016491173,1.7748908,0.0018466586,,mariah_carey_featuring_miguel__beautiful__1443149685.0.m4a
29.975510204081633,105.98541259765625,2.639390230178833,0.2760787010192871,F,major,0.9419146180152893,2130.0729441923254,949.3609260110294,0.7607169,0.23928316,4.577571,4.8355875,Electronic---Tropical House,0.48278338,Electronic---Dance-pop,0.36717096,Electronic---House,0.23818238,Electronic---Deep House,0.16178852,Rock---Pop Rock,0.06853508,0.06473521,4.937901e-06,0.0013966805,0.00041104562,1.4761552,0.08705142,0.086979546,0.032479715,0.007836802,0.01794804,0.0070027164,0.12398707,0.03157799,0.24663025,0.0016683465,,tyler_hubbard__5_foot_9__1655724894.0.m4a
29.975510204081633,140.04971313476562,2.763495922088623,0.3336392045021057,Eb,major,0.841980516910553,2316.085056269501,1108.6432961856617,0.39973497,0.600265,5.342466,4.395068,Rock---Alternative Rock,0.1698988,Pop---Ballad,0.11460923,Rock---Pop Rock,0.114538044,Rock---Acoustic,0.080972366,Rock---Indie Rock,0.06396827,0.01598496,9.1272734e-05,0.00035735787,0.0012485229,0.28201035,0.06601829,0.03697118,0.058547292,0.009897401,0.032702897,0.02337819,0.3297195,0.016975878,0.73200995,0.0025244416,,morgan_wallen__skoal_chevy_and_browning__1802103918.0.m4a
29.92907029478458,121.86861419677734,2.8666012287139893,0.279718279838562,F#,major,0.782188355922699,4046.1099721036217,2511.806413517442,0.99214333,0.0078567825,6.670369,5.8171024,Rock---Alternative Rock,0.34078172,Rock---Pop Rock,0.26400766,Rock---Indie Rock,0.19652705,Rock---Brit Pop,0.12764704,Rock---Hard Rock,0.09190496,0.017442543,3.136424e-05,0.00028915468,0.00014541771,0.33934155,0.009559075,0.038846914,0.09049172,0.0021434065,0.0024147755,0.055341743,0.149145,0.018635724,1.582288,0.0035761336,,steven_tyler__it_feels_so_good__434496108.0.m4a
29.975510204081633,153.92189025878906,2.1739513874053955,0.44228222966194153,A,minor,0.5529155135154724,4210.668302506485,1192.692787949884,0.9917099,0.0082900645,6.0122023,4.676334,Hip Hop---Crunk,0.8026207,Hip Hop---Bounce,0.69619924,Hip Hop---Trap,0.5780067,Hip Hop---Gangsta,0.2825706,Hip Hop---Screw,0.043070443,0.0001526686,8.130876e-05,5.6611643e-05,5.4994533e-05,0.18186118,0.0007554261,0.0059986543,2.5485272,0.0002646164,0.0020150586,0.0005015203,0.002527687,0.0043064887,0.0056875343,0.00025985757,,unk__2_step__1769284303.0.m4a
29.92907029478458,150.38600158691406,2.326648235321045,0.4929569661617279,Eb,minor,0.8163936138153076,2602.226673688075,437.74164244186045,1.0,2.195636e-08,4.3571076,4.717655,Hip Hop---Trap,0.7264377,Hip Hop---Pop Rap,0.34655643,Hip Hop---Gangsta,0.20036328,Hip Hop---Cloud Rap,0.1872319,Hip Hop---Thug Rap,0.14828616,0.00019619799,1.8381023e-05,8.141727e-05,9.525503e-06,0.080440804,0.0010056274,0.006099375,1.8452309,0.0001472317,0.066438384,0.0003239394,0.011921423,0.03475976,0.0037180404,0.00042106048,,lil_baby_lil_durk__2040__1569719184.0.m4a
29.975510204081633,97.79985809326172,2.642397880554199,0.4139149487018585,B,major,0.8724842071533203,3028.887826264089,1156.5596731085527,1.0,4.4561613e-08,5.3739157,4.558577,Hip Hop---RnB/Swing,0.20131475,Funk / Soul---Contemporary R&B,0.17527181,Pop---K-pop,0.13359416,Hip Hop---Conscious,0.079267934,Hip Hop---Grime,0.07639632,0.00064784323,0.0023057424,0.0016759662,2.32828e-05,0.19181584,0.0025910502,0.36686984,0.801002,0.003475536,0.0068854922,0.0008023586,0.20110479,0.007975833,0.018159952,0.0012966992,,tyler_the_creator_featuring_teezo_touchdown__darling_i__1789446426.0.m4a
29.92907029478458,99.94273376464844,2.585076332092285,0.28184568881988525,Bb,minor,0.6695550680160522,4282.233562711967,3431.9752679869184,0.9999999,1.5117678e-07,7.008817,5.2724576,Hip Hop---RnB/Swing,0.2615504,Funk / Soul---Soul,0.23546241,Funk / Soul---New Jack Swing,0.18190521,Electronic---House,0.13536075,Funk / Soul---Neo Soul,0.123503104,0.0033205845,0.0041800663,0.003346229,0.00042199486,0.8795089,0.0056587444,0.88199425,0.5752928,0.046629965,0.057235256,0.0013037501,0.09567412,0.044979595,0.051962096,0.0139649315,,amerie__1_thing__153437689.0.m4a
29.92907029478458,112.60946655273438,2.4504339694976807,0.31567394733428955,G,minor,0.8363482356071472,3483.8074479923694,1754.104742005814,0.9999993,7.483875e-07,6.476794,5.408995,Electronic---Electro,0.10336528,Electronic---House,0.09131026,Hip Hop---RnB/Swing,0.08647539,Pop---Ballad,0.08584762,Pop---K-pop,0.06569349,0.0006698256,9.796176e-05,0.0018221606,0.0010075535,0.73546827,0.015320782,0.0768841,0.36670467,0.002028466,0.017398585,0.0072894995,0.28419238,0.17196682,0.14280675,0.007760106,,madonna_featuring_justin_timberlake_timbaland__4_minutes__329064704.0.m4a
29.975510204081633,152.1654815673828,3.0517754554748535,0.34478265047073364,Bb,major,0.9209309220314026,2924.7917829578505,1668.8232421875,0.90037173,0.099628344,5.5838842,5.395677,Rock---Pop Rock,0.17602475,Rock---Alternative Rock,0.14790465,Rock---Hard Rock,0.14191987,Rock---Nu Metal,0.08141237,Pop---Ballad,0.062008597,0.017162746,0.00069862406,0.0011804838,0.0010901436,0.096417464,0.12192379,0.025076516,0.03346546,0.0029049655,0.011908418,0.018971778,0.1668115,0.0047033145,1.1361903,0.0026545918,,luke_bryan__love_you_miss_you_mean_it__1737278881.0.m4a
29.975510204081633,172.2655487060547,2.6704001426696777,0.26099786162376404,C,major,0.9296964406967163,3338.723028555005,933.4276890238003,0.99997026,2.9863006e-05,5.9417706,6.2957006,Hip Hop---Pop Rap,0.09879084,Rock---Alternative Rock,0.09710791,Rock---Pop Rock,0.09351265,Hip Hop---RnB/Swing,0.08402154,Electronic---House,0.0783667,0.006646652,0.00026716504,0.0013582283,0.0013908584,0.6088089,0.072693676,0.21994454,0.5291843,0.024875134,0.0762411,0.01870194,0.20782042,0.031111816,0.5050043,0.024274034,,keith_urban__john_cougar_john_deere_john_3_16__1440846072.0.m4a
29.975510204081633,128.0592041015625,2.6977591514587402,0.3063952624797821,F#,minor,0.9165046811103821,3088.910495138021,1501.257588767415,0.9706877,0.029312268,5.6322675,5.496108,Electronic---Electro House,0.3501784,Electronic---House,0.21773145,Electronic---Bassline,0.18915586,Electronic---Progressive House,0.12271191,Electronic---Electro,0.09581798,0.00018800847,4.0377625e-05,0.00027605548,0.0012284358,1.8687712,0.00850977,0.010257,0.088612415,0.0011473062,0.070205845,0.0021400135,0.13840622,0.006967067,0.0476899,0.001890823,,will_i_am_featuring_justin_bieber__thatpower__1443180801.0.m4a
29.975510204081633,162.5875701904297,1.8809534311294556,0.2042468786239624,G,major,0.8451825976371765,2553.729952738381,1141.5430972450658,0.6017384,0.39826164,4.5153213,4.8946214,Rock---Indie Rock,0.28407338,Rock---Alternative Rock,0.27525523,Rock---Acoustic,0.16141845,Rock---Pop Rock,0.15719303,Rock---Country Rock,0.13219696,0.09188725,0.000292442,0.009011143,0.028990297,0.040479533,0.17809176,0.03395455,0.005862271,0.0158893,0.008116556,0.03154431,0.15275784,0.007854232,1.7128828,0.01177238,,zach_bryan__28__1819829902.0.m4a
29.92907029478458,127.8269271850586,3.200005292892456,0.35096657276153564,F,major,0.8524918556213379,4999.653393554688,1924.7345112645348,0.99999356,6.379145e-06,6.8499813,5.888257,Electronic---Electro House,0.4300037,Electronic---Hands Up,0.42681924,Electronic---House,0.4135554,Electronic---Hard Trance,0.15542771,Electronic---Progressive House,0.14579444,4.2052925e-05,1.1026581e-05,0.00026191815,7.256822e-05,2.469417,0.0012545451,0.0020660383,0.058452148,0.000525785,0.013740358,0.00042687022,0.025789112,0.022121197,0.0046544555,0.000618012,,the_chainsmokers__selfie__1445876398.0.m4a
29.92907029478458,124.99253845214844,2.8097033500671387,0.31188228726387024,D,minor,0.8870853185653687,3630.062102325203,1514.3183366642443,0.9991797,0.00082028663,4.7436914,5.315485,Hip Hop---Trap,0.4728339,Hip Hop---Cloud Rap,0.46955246,Hip Hop---Pop Rap,0.14276092,Hip Hop---Crunk,0.08847199,Hip Hop---Boom Bap,0.08536353,0.0012076346,2.9785147e-05,0.00024428498,0.00012747239,0.060800392,0.020221764,0.019325212,1.6529846,0.0010414256,0.007846106,0.05217938,0.031804986,0.04525717,0.01327097,0.0009805692,,j_cole_bas__100_mil__1567422706.0.m4a
29.975510204081633,118.17897033691406,2.1445062160491943,0.23308631777763367,D,major,0.9234715104103088,1717.242480357734,488.23038107101394,0.89946455,0.1005355,4.716678,4.626205,Electronic---Tropical House,0.390422,Electronic---Deep House,0.23250805,Electronic---Dance-pop,0.16183127,Electronic---Electro House,0.16045974,Electronic---House,0.15717122,0.0024852932,0.0001535967,0.0030010552,0.025595797,1.6900728,0.05097527,0.023077987,0.021538481,0.00745192,0.0072113224,0.0040841186,0.12674302,0.00249498,0.23647785,0.016085938,,taylor_swift__you_re_on_your_own_kid__1651516420.0.m4a
29.975510204081633,161.7160186767578,1.7486457824707031,0.2523428797721863,A,minor,0.8186617493629456,2612.7386403039513,853.1615077157508,0.9980661,0.0019339644,5.206963,5.0494466,Electronic---Tropical House,0.21473986,Electronic---Dance-pop,0.19580558,Electronic---House,0.114681534,Electronic---Hardstyle,0.08771617,Electronic---Electro House,0.08213032,0.0009157429,2.846299e-05,0.0014278844,0.0023919265,1.383209,0.017721094,0.03793743,0.13647673,0.0017341138,0.052732818,0.0032866928,0.22723289,0.019032197,0.07893354,0.005949096,,taylor_swift__ready_for_it__1440934248.0.m4a
29.92907029478458,116.5367660522461,3.0282163619995117,0.3232881724834442,F,minor,0.9141191244125366,2650.243741033983,1219.363531068314,0.9999999,1.4971302e-07,5.482248,5.5773787,Hip Hop---Cloud Rap,0.9367071,Hip Hop---Trap,0.6267269,Hip Hop---Pop Rap,0.38351935,Latin---Reggaeton,0.052797645,Electronic---Dance-pop,0.023756484,6.295455e-05,4.4556828e-06,6.330672e-05,4.3571627e-06,0.06637081,0.00062723574,0.0064529795,2.060127,4.8691112e-05,0.053799592,0.0001257475,0.0047178846,0.010781667,0.015040677,4.467756e-05,,gunna_featuring_lil_baby__25k_jacket__1604377110.0.m4a
29.92907029478458,122.0428466796875,3.6501708030700684,0.309411883354187,G,minor,0.8775392174720764,2902.274562912579,985.7867005813954,1.0,1.4075836e-07,5.8152347,4.9188323,Hip Hop---Trap,0.6809661,Hip Hop---Cloud Rap,0.15525135,Hip Hop---Gangsta,0.07031731,Hip Hop---Hardcore Hip-Hop,0.07001307,Latin---Reggaeton,0.06661612,0.00018427656,1.4779616e-07,2.8226384e-06,1.8458984e-05,0.031410836,0.0002248517,0.0068570524,1.252935,0.00024723625,0.06692618,0.00010881986,0.008458905,0.0059873355,0.0065986435,0.00033688365,,kevin_gates__2_phones__1078703282.0.m4a
29.975510204081633,119.01696014404297,2.9579224586486816,0.34571099281311035,Bb,minor,0.8480553030967712,4595.120664897718,2532.8180177292957,1.0,1.7239298e-09,6.580185,6.3339596,Pop---K-pop,0.312757,Electronic---House,0.30333987,Electronic---Nu-Disco,0.2732148,Electronic---Synth-pop,0.1324948,Electronic---Deep House,0.12540218,0.00057618367,1.6588764e-06,8.215806e-05,1.6555725e-05,1.5720328,0.0027143043,0.17346324,0.059070982,0.004078048,0.0067429687,0.0007636541,0.47242007,0.007562906,0.010795434,0.0012376996,,ariana_grande__yes_and__1724584103.0.m4a
29.975510204081633,88.16676330566406,3.568150281906128,0.30681294202804565,C,major,0.7999403476715088,3086.2930580824154,1610.7402600740131,1.0,4.7564342e-08,5.7321715,5.9749846,Hip Hop---Conscious,0.18574138,Hip Hop---Boom Bap,0.17027251,Hip Hop---Grime,0.16371194,Hip Hop---Jazzy Hip-Hop,0.1540545,Funk / Soul---Neo Soul,0.11272405,0.00058998814,4.8560967e-05,3.481118e-05,2.9126835e-05,0.5130241,0.0030587104,0.21724404,1.2120541,0.010134365,0.016126286,0.0007500537,0.009696702,0.046731092,0.006005449,0.00062581664,,akon__sorry_blame_it_on_me__1610800965.0.m4a
29.92907029478458,139.63800048828125,3.2261741161346436,0.3291451036930084,F,major,0.6605120897293091,2952.55919733565,974.9700218023256,1.0,3.7338e-08,5.6552796,5.1042404,Hip Hop---Trap,0.5985337,Hip Hop---Cloud Rap,0.24675208,Hip Hop---Pop Rap,0.14180386,Hip Hop---Bounce,0.120738454,Hip Hop---Grime,0.06800479,0.00011860941,1.218808e-05,3.9741426e-05,1.4461021e-05,0.29764375,0.0010034567,0.025771229,1.4490978,0.00019774667,0.019014502,0.00035067913,0.11155517,0.009148289,0.014360792,0.002108082,,mike_will_made_it_featuring_miley_cyrus_wiz_khalifa_juicy_j__23__1444899827.0.m4a
29.975510204081633,142.2456512451172,2.7643203735351562,0.2678000032901764,D,major,0.9825661778450012,2978.901841013055,1628.6901515334753,0.6508902,0.34910986,5.6375594,5.6365175,Rock---Alternative Rock,0.18970257,Rock---Pop Rock,0.16162068,Rock---Brit Pop,0.1317369,Rock---Soft Rock,0.12838107,Rock---Indie Rock,0.1054125,0.016765997,0.00024661166,0.0017944626,0.0010952472,0.10713997,0.14414029,0.016584683,0.020651108,0.0057708,0.007800048,0.036774516,0.18150744,0.020654228,1.3184198,0.006459169,,morgan_wallen__98_braves__1818424402.0.m4a
29.975510204081633,94.97154235839844,2.23432993888855,0.22418037056922913,G,major,0.8552049994468689,2350.3556475801734,936.4610040150928,0.99999297,6.946705e-06,4.380047,4.993399,Hip Hop---Jazzy Hip-Hop,0.26843348,Hip Hop---Conscious,0.22493677,Hip Hop---Hardcore Hip-Hop,0.13421601,Hip Hop---Boom Bap,0.1334729,Hip Hop---Gangsta,0.12021996,0.0018558381,0.00012086133,0.00094480603,0.00015639277,0.18596236,0.022342844,0.14080839,1.5011073,0.023297936,0.011917598,0.009290146,0.028059313,0.015813157,0.031994525,0.0028219852,,snoop_dogg_wiz_khalifa_featuring_bruno_mars__young_wild_free__1778118825.0.m4a
29.975510204081633,110.83587646484375,1.5128487348556519,0.31109482049942017,D,major,0.9274452328681946,1933.423636610663,771.1953366873065,0.68019295,0.31980702,4.6890054,4.9154754,Electronic---Tropical House,0.1804525,Electronic---House,0.12612668,Electronic---Dance-pop,0.12333322,Electronic---Deep House,0.097449966,Electronic---Chillwave,0.0885117,0.008762722,0.00013560332,0.00018529018,0.010236554,0.9940474,0.048897475,0.14485927,0.09557494,0.006425121,0.0317199,0.008398841,0.27378184,0.012430272,0.32273522,0.0068553733,,noah_kahan__23__6762758814.0.m4a
29.975510204081633,99.91494750976562,3.6795406341552734,0.29015955328941345,F,minor,0.8359755277633667,2019.9460232855736,960.2108604029605,1.0,8.9204725e-08,4.1778426,5.50256,Hip Hop---Cloud Rap,0.19267416,Latin---Reggaeton,0.124911785,Hip Hop---Trap,0.09735292,Hip Hop---Pop Rap,0.08832008,Funk / Soul---Contemporary R&B,0.083665654,0.00041938483,1.2642982e-07,0.00033815767,2.1884696e-05,0.39163458,0.006860466,0.12704715,0.5497934,0.0009859763,0.12690283,0.0004908053,0.16137663,0.078123555,0.021191373,0.0005446868,,logic_featuring_alessia_cara_khalid__1_800_273_8255__1441002381.0.m4a
29.975510204081633,134.04029846191406,2.862544536590576,0.2419973760843277,F,minor,0.6405454277992249,3428.088212524036,1733.5228509578174,1.0,6.2978445e-09,4.764955,5.098392,Hip Hop---Grime,0.41872618,Hip Hop---Trap,0.29817104,Hip Hop---Hardcore Hip-Hop,0.19299772,Hip Hop---Crunk,0.18413429,Hip Hop---Gangsta,0.17208831,0.00011802366,6.0885804e-06,1.6739274e-05,8.743425e-06,0.18444508,0.001066144,0.01311509,1.8415315,0.00026549085,0.0040715626,0.00063970825,0.006537797,0.0013010008,0.009347659,0.0014570634,,kendrick_lamar__bitch_don_t_kill_my_vibe__1471277625.0.m4a
29.92907029478458,139.83116149902344,2.669386863708496,0.4071909487247467,Eb,minor,0.8704253435134888,2728.0096126822536,625.8483602834302,1.0,2.481105e-08,5.047054,4.7609115,Hip Hop---Grime,0.2404444,Hip Hop---Trap,0.18985318,Hip Hop---Crunk,0.15530503,Hip Hop---Pop Rap,0.14315625,Hip Hop---Conscious,0.10023392,0.0005558325,8.99612e-06,1.7628186e-05,6.914008e-05,0.3183326,0.009081062,0.023040486,1.2279247,0.00028921664,0.0064974097,0.0016256456,0.11995331,0.01746784,0.016017249,0.0052221487,,wiz_khalifa__work_hard_play_hard__1636462613.0.m4a
29.975510204081633,100.08536529541016,2.8321211338043213,0.3289400041103363,A,minor,0.900679349899292,3204.0837211490784,1851.10547328512,0.6608166,0.33918342,6.787789,5.952806,Rock---Alternative Rock,0.3195096,Rock---Punk,0.2789169,Rock---Pop Punk,0.17849442,Rock---Melodic Hardcore,0.16322039,Rock---Nu Metal,0.16091573,0.0011797891,3.1329666e-05,9.954338e-05,0.0002503101,0.08254991,0.035135247,0.004685314,0.031177368,0.0012207397,0.0019044087,0.0043452787,0.043051492,0.010417077,2.0424984,0.0037789585,,fall_out_boy__this_ain_t_a_scene_it_s_an_arms_race__1445734014.0.m4a
29.92907029478458,112.41619873046875,3.4110922813415527,0.22306109964847565,C,major,0.8742268085479736,2832.7299598871277,1186.0955668604652,0.86560583,0.13439421,5.1591964,6.2332044,Rock---Pop Rock,0.16725491,Rock---Alternative Rock,0.118071906,Pop---Novelty,0.11644042,Rock---Blues Rock,0.08189403,Blues---Modern Electric Blues,0.07933273,0.16833834,0.00029760454,0.05428954,0.0007035338,0.057057895,0.17395554,0.07984349,0.019283868,0.018285487,0.017314173,0.07349364,0.2744525,0.06689006,0.88643193,0.01603063,,jerrod_niemann__lover_lover__380055491.0.m4a
29.975510204081633,99.92874145507812,0.9128812551498413,0.2127753496170044,F,major,0.9214252233505249,3463.4103493232847,2119.3871843556503,0.9999996,4.3219427e-07,5.3654995,5.488782,Hip Hop---Cloud Rap,0.45466825,Hip Hop---Trap,0.4425628,Hip Hop---RnB/Swing,0.16677614,Hip Hop---Pop Rap,0.09783131,Latin---Reggaeton,0.09338327,0.0005542861,5.2657953e-05,5.297645e-05,5.868147e-05,0.09131784,0.0022644727,0.0546735,1.6188914,0.00049645343,0.09666054,0.0011808986,0.025111612,0.048205417,0.009961683,0.00086718716,,rod_wave__25__1773340059.0.m4a
29.975510204081633,107.14788818359375,3.786348342895508,0.28726664185523987,C#,major,0.7886531949043274,2732.343404456927,854.3615004595588,1.0,3.5277743e-08,5.7196627,5.472998,Funk / Soul---Contemporary R&B,0.15598412,Hip Hop---Trap,0.12951909,Hip Hop---Cloud Rap,0.10458375,Pop---K-pop,0.10122498,Electronic---Dance-pop,0.09388545,0.0008505063,2.2430926e-05,0.00068955944,8.0333986e-05,0.42892435,0.0062356805,0.26296443,0.37107533,0.0019400301,0.0888616,0.00045598182,0.2514292,0.03712304,0.010342642,0.002192499,,ariana_grande__thank_u_next__1450334169.0.m4a
29.92907029478458,90.03282165527344,1.858656644821167,0.30747702717781067,E,minor,0.8382251858711243,2437.4032704434653,1845.8462027616279,0.99263763,0.007362315,4.6825905,5.0545187,Hip Hop---Trap,0.2545118,Hip Hop---Cloud Rap,0.24275129,Hip Hop---Hardcore Hip-Hop,0.110200875,Hip Hop---Horrorcore,0.090019986,Hip Hop---Conscious,0.0868574,0.0029430657,4.1049283e-05,0.0013380921,0.00015826071,0.18710649,0.0033515503,0.015453962,1.3156648,0.0018881448,0.023391508,0.021220978,0.024040462,0.013211528,0.06823272,0.0008986082,,drake__0_to_100_the_catch_up__1496415688.0.m4a
29.975510204081633,139.97512817382812,2.3545267581939697,0.346608966588974,C,minor,0.5701654553413391,2268.888612209828,761.6120613027283,0.9999994,5.1322286e-07,4.0154147,5.5272794,Hip Hop---Trap,0.5549282,Hip Hop---Cloud Rap,0.2976262,Hip Hop---Grime,0.29499972,Electronic---Grime,0.12745094,Hip Hop---Pop Rap,0.112471655,0.00024516697,1.0210386e-05,9.253942e-05,3.4686862e-05,0.22223859,0.0008418483,0.017167,1.7732184,0.00055946107,0.0067781727,0.00038913143,0.017475296,0.0037051386,0.04466103,0.00065494893,,logic__44_more__1355219990.0.m4a
29.92907029478458,133.11013793945312,3.0852484703063965,0.3337685763835907,F,major,0.88822340965271,2166.7756938017615,784.0255950218024,0.9999928,7.25897e-06,5.989714,5.882679,Electronic---House,0.2907503,Electronic---Bleep,0.2737292,Electronic---Techno,0.2521739,Electronic---UK Garage,0.124898046,Hip Hop---Grime,0.10405181,0.00053124636,0.00017011177,0.0003107785,0.00021877183,1.6850656,0.0070909793,0.029658224,0.35514894,0.0024508424,0.016894232,0.0032966465,0.063241534,0.018584918,0.019686881,0.0010719092,,pinkpantheress_ice_spice__boy_s_a_liar_pt_2__1674065037.0.m4a
29.92907029478458,143.968017578125,2.6997122764587402,0.4290371537208557,E,minor,0.6745414137840271,3299.3865370639537,1033.3433639171512,0.9999998,2.5238265e-07,4.7869577,4.843761,Hip Hop---Gangsta,0.35356677,Hip Hop---Crunk,0.3162609,Hip Hop---Horrorcore,0.13818634,Hip Hop---Thug Rap,0.11449216,Hip Hop---Instrumental,0.057526,3.307317e-05,2.3051807e-06,1.0455787e-05,2.2932862e-05,0.1661302,0.00026443755,0.00448229,1.4811654,0.0002767371,0.003159382,0.00013606646,0.0013400735,0.0053156195,0.0034723128,0.002571934,,huey__pop_lock_drop_it__256901963.0.m4a
29.975510204081633,135.15089416503906,3.2423720359802246,0.34331244230270386,F,minor,0.9161579608917236,3939.066354568529,2419.3687037417762,1.0,2.6398614e-10,6.445107,5.1002884,Pop---K-pop,0.86312056,Electronic---Dance-pop,0.35434264,Pop---Bubblegum,0.30388016,Pop---Ballad,0.20600656,Funk / Soul---Contemporary R&B,0.17785588,0.00014133533,1.4287893e-06,5.7136782e-05,3.6130976e-05,0.60067016,0.00037068874,0.18276052,0.07184801,0.00047326865,0.0039850203,0.0009013466,1.4347882,0.002174212,0.009109509,0.0010379168,,britney_spears__3__686780582.0.m4a
29.975510204081633,152.23403930664062,1.8564236164093018,0.2558656334877014,A,major,0.9061222076416016,3083.341210946948,1830.7389297721556,0.3811122,0.6188878,5.2248573,5.146772,Pop---Ballad,0.3396547,Latin---Cumbia,0.24112836,Rock---Pop Rock,0.102526665,Pop---Vocal,0.09780933,Latin---Vallenato,0.08470838,0.0110992035,0.001182281,0.015527265,0.005278301,0.11176307,0.32746825,0.072355226,0.02327217,0.019064613,0.49589568,0.042981096,0.5760862,0.012899576,0.36355364,0.023178218,,carrie_underwood__jesus_take_the_wheel__214695747.0.m4a
29.975510204081633,163.20562744140625,2.4104764461517334,0.2695530652999878,Ab,major,0.8612743616104126,2976.6494525401586,1438.4913016398993,0.9985707,0.0014293384,6.0342345,5.7747993,Pop---K-pop,0.24122931,Funk / Soul---Contemporary R&B,0.13451292,Electronic---Dance-pop,0.10425424,Funk / Soul---Neo Soul,0.09589244,Pop---Ballad,0.09113421,0.004695131,0.00038733458,0.018994622,0.002331752,0.48864526,0.025152704,0.33220577,0.2821929,0.020481441,0.025035458,0.008849658,0.5412521,0.011011843,0.1842861,0.008378906,,olivia_rodrigo__jealousy_jealousy__1560735861.0.m4a
29.975510204081633,121.9384536743164,3.431594133377075,0.26143231987953186,A,major,0.8539672493934631,3627.4701547534105,1547.9573063806115,0.9999975,2.541834e-06,6.0195947,6.4875426,Electronic---House,0.36919495,Electronic---Disco,0.109235905,Electronic---Deep House,0.10497342,Electronic---Electro,0.10226262,Electronic---Nu-Disco,0.10098065,0.002794849,0.0004670635,0.0014135145,0.00084794115,1.7492009,0.021966591,0.1995906,0.121518776,0.08387582,0.01157486,0.0036683185,0.093613796,0.03967371,0.057061013,0.0039325696,,andy_grammer__honey_i_m_good__1780516397.0.m4a
29.975510204081633,146.07766723632812,3.5517897605895996,0.32710394263267517,B,major,0.9133910536766052,4022.2359386715725,2018.4544613486842,0.9840375,0.015962487,6.6419125,5.957431,Pop---K-pop,0.4339903,Pop---Ballad,0.23211867,Electronic---Dance-pop,0.1866899,Rock---Pop Rock,0.077184804,Pop---Schlager,0.07263705,0.0024328232,0.00025181242,0.0005305218,0.0001620655,0.38217756,0.051531244,0.10352154,0.041888136,0.011240259,0.030020965,0.039517146,0.954257,0.006973655,0.21028112,0.0107582975,,kelly_clarkson_ariana_grande__santa_can_t_you_hear_me__1586039529.0.m4a
29.975510204081633,113.13065338134766,2.921666145324707,0.30515018105506897,D,major,0.8670729994773865,2338.432242945621,1729.5728748427825,0.059991725,0.9400083,6.5918236,4.4437175,Rock---Southern Rock,0.2324208,"Folk, World, & Country---Country",0.18491608,Rock---Pop Rock,0.13598359,Blues---Modern Electric Blues,0.12532967,Rock---Blues Rock,0.09804097,0.19095162,0.0021731253,0.0025832017,0.0075978017,0.009397727,0.33620778,0.017476851,0.002819643,0.008374992,0.00070124253,0.021648504,0.11780988,0.0016343077,1.2195919,0.00968115,,toby_keith__courtesy_of_the_red_white_and_blue_the_angry_american__1452802587.0.m4a
29.975510204081633,103.89358520507812,2.3058643341064453,0.24527835845947266,D,major,0.7377278804779053,3116.517652092334,1188.2761479900348,0.9999998,1.8934271e-07,5.1747346,5.108202,Funk / Soul---Contemporary R&B,0.19291878,Hip Hop---Trap,0.18700206,Hip Hop---Cloud Rap,0.10279074,Funk / Soul---Neo Soul,0.095020354,Pop---K-pop,0.09404396,0.001504973,6.5967297e-06,4.329557e-05,6.226451e-05,0.53571224,0.0032585652,0.39186028,0.5846425,0.0023579774,0.026802639,0.000265044,0.17909431,0.015074565,0.022352878,0.0017906784,,tinashe_featuring_schoolboy_q__2_on__1761625435.0.m4a
29.975510204081633,78.95964050292969,2.6579442024230957,0.2747821807861328,Bb,major,0.8196825981140137,3085.915836298798,871.1113991752128,0.9582068,0.041793328,5.860283,5.440554,Rock---Alternative Rock,0.18143956,Pop---Ballad,0.12963267,Rock---Pop Rock,0.106227465,Rock---Indie Rock,0.10294884,Pop---K-pop,0.10148578,0.020532228,0.0005332508,0.0061169695,0.0025767626,0.2512035,0.1349605,0.06514994,0.023319386,0.021893991,0.062052045,0.011723201,0.5187877,0.011778891,0.78076506,0.00861072,,taylor_swift_featuring_haim__no_body_no_crime__1544268348.0.m4a
29.92907029478458,77.65585327148438,1.8842567205429077,0.2887269854545593,G,major,0.40931981801986694,1612.801999670221,460.29308230377904,0.9999966,3.4894615e-06,3.1743019,4.925161,Hip Hop---Conscious,0.38189086,Hip Hop---Boom Bap,0.3028508,Hip Hop---Jazzy Hip-Hop,0.21389392,Hip Hop---Hardcore Hip-Hop,0.20461062,Hip Hop---Grime,0.12116482,0.0011594007,8.03518e-06,3.1006406e-05,1.6208707e-05,0.09674369,0.009429268,0.14794941,1.7694759,0.011444753,0.0021399541,0.0036310987,0.020740759,0.007993792,0.0062425956,0.0016675051,,j_cole__4_your_eyez_only__1440924593.0.m4a
29.975510204081633,89.63284301757812,2.6348624229431152,0.2608727812767029,D,major,0.9366236925125122,2826.1444637900904,1084.210110596459,0.11198602,0.888014,5.436965,5.027247,Rock---Pop Rock,0.16895576,Rock---Alternative Rock,0.14130554,Rock---Acoustic,0.13932972,Rock---Neofolk,0.09937097,Rock---Indie Rock,0.07918194,0.053546812,0.003821565,0.0007877361,0.0016708603,0.09338207,0.11104607,0.0034543318,0.029133882,0.005265026,0.010115942,0.02533881,0.083516225,0.023636969,1.199483,0.0024372954,,plain_white_t_s__1_2_3_4__1605885112.0.m4a
29.92907029478458,148.0004119873047,3.069586753845215,0.17633730173110962,C,major,0.9287771582603455,1974.4679241328276,575.3538335755813,0.49369773,0.50630236,4.4559264,4.233918,Rock---Alternative Rock,0.08838304,Rock---Pop Rock,0.08784203,Rock---Indie Rock,0.059753124,"Folk, World, & Country---Éntekhno",0.05780291,Pop---Vocal,0.057605322,0.0620151,0.00023081797,0.017815454,0.015221362,0.24790706,0.24147962,0.058586527,0.025048027,0.076952435,0.046288043,0.036110118,0.23210612,0.07301022,0.8892583,0.029129304,,bon_jovi__you_want_to_make_a_memory__1440821016.0.m4a
29.975510204081633,110.26579284667969,3.236792802810669,0.21539369225502014,C,major,0.8814611434936523,4680.721618794067,2508.9681619461107,0.9905787,0.009421251,5.6870894,6.18494,Pop---K-pop,0.57070595,Electronic---Dance-pop,0.15404078,Funk / Soul---Contemporary R&B,0.13326189,Electronic---Synth-pop,0.08649816,Hip Hop---Trap,0.062413637,0.0010916014,5.482579e-06,0.0022636564,9.64627e-05,0.419615,0.0038144153,0.21253452,0.25229865,0.0024191616,0.03374543,0.00059968943,0.74840164,0.011761256,0.0065696687,0.001891909,,ariana_grande_feat_doja_cat_megan_thee_stallion__34_35__1537486672.0.m4a
29.92907029478458,89.90271759033203,2.435037136077881,0.38056477904319763,Eb,minor,0.7872191667556763,1729.363809712728,741.7437318313954,0.99998564,1.4444196e-05,3.7854714,4.2602906,Hip Hop---Cloud Rap,0.30949527,Hip Hop---Grime,0.20024289,Hip Hop---Trap,0.113072716,Hip Hop---Hardcore Hip-Hop,0.0803572,Electronic---Grime,0.06757117,0.00029825539,7.945412e-06,1.8904639e-05,2.0235828e-05,0.29486337,0.00047673052,0.053855296,1.196558,0.0013432567,0.0016105023,0.0011938391,0.0052182768,0.0060382346,0.025959458,0.00049838447,,21_savage__3am_on_glenwood__1653012722.0.m4a
29.975510204081633,116.03016662597656,3.577885389328003,0.2827993333339691,D,major,0.9512910842895508,3244.3399837245884,1041.077038082914,0.99969083,0.00030919863,6.4926357,6.509743,Pop---Indie Pop,0.33335713,Electronic---Synth-pop,0.2178694,Rock---Dream Pop,0.14089976,Rock---Indie Rock,0.13342968,Rock---Ethereal,0.09672401,0.0003101592,2.2451874e-05,0.0081084715,0.0020925254,0.6653101,0.029129677,0.06585866,0.0030781939,0.010855042,0.027853206,0.0012896187,0.5041239,0.008534798,0.68146324,0.032552145,,chappell_roan__good_luck_babe__1737497080.0.m4a
29.975510204081633,110.7635498046875,2.697352170944214,0.2647709548473358,C#,major,0.9470569491386414,2836.439407395874,1589.6570542279412,0.19852264,0.8014773,5.6025934,4.8992734,"Folk, World, & Country---Volksmusik",0.19183876,Pop---Schlager,0.13561583,Rock---Soft Rock,0.112393,"Folk, World, & Country---Gospel",0.10641855,Rock---Southern Rock,0.100997515,0.013931177,0.0001251391,0.00067325425,0.00032994372,0.03807085,0.4710776,0.028509716,0.023162726,0.0029956028,0.020200267,0.040173337,0.22878851,0.005621708,0.7354155,0.0025227084,,luke_combs__5_leaf_clover__1666738587.0.m4a
29.92907029478458,151.9040069580078,1.8258380889892578,0.30504122376441956,C,major,0.7863190174102783,3102.965783478493,1393.2316269985465,0.99999857,1.4325177e-06,5.1325445,5.562033,Hip Hop---Crunk,0.7920272,Hip Hop---Gangsta,0.30543128,Hip Hop---Thug Rap,0.16805667,Hip Hop---Bounce,0.09389227,Hip Hop---Hardcore Hip-Hop,0.06218001,0.003849874,1.9726112e-06,3.845366e-06,1.8567553e-05,0.02586735,0.00052743504,0.010473862,1.7083205,5.6338202e-05,0.007193535,7.618475e-05,0.0010757204,0.008701705,0.001034661,0.005747434,,dem_franchize_boyz_featuring_lil_peanut_charlay__lean_wit_it_rock_wit_it__723734713.0.m4a
29.92907029478458,89.44367218017578,2.953578233718872,0.268474817276001,D,major,0.8578294515609741,2224.3741599386053,1359.8968931686047,0.99980617,0.00019388837,5.3370605,5.1485157,Funk / Soul---Neo Soul,0.2163786,Funk / Soul---Contemporary R&B,0.19274284,Hip Hop---Conscious,0.14098409,Funk / Soul---Soul,0.10412151,Hip Hop---RnB/Swing,0.092702605,0.00580819,8.806155e-05,0.00010272433,8.954037e-05,0.22483024,0.012727681,0.64575434,1.0290669,0.021665575,0.0055128713,0.00079310464,0.019559084,0.021989116,0.016528193,0.005862444,,jay_z__4_44__1440935736.0.m4a
29.92907029478458,126.85934448242188,3.759597063064575,0.3757123053073883,C,major,0.8888763785362244,3840.6166982724685,1478.5131268168604,1.0,6.485611e-09,6.6098785,4.9464083,Pop---K-pop,0.42336467,Electronic---Electro,0.30872858,Electronic---Dance-pop,0.088268824,Electronic---House,0.07702535,Hip Hop---Pop Rap,0.070911124,0.00023074605,1.130543e-06,0.00011421343,0.00029255287,0.8935823,0.008725664,0.0359729,0.16124307,0.00041818293,0.0072266343,0.0032095728,0.53672105,0.0075724954,0.027437238,0.009207503,,jay_sean_featuring_nicki_minaj__2012_it_ain_t_the_end__1445283797.0.m4a
29.975510204081633,144.0234375,2.8866097927093506,0.27103251218795776,Eb,major,0.9363102316856384,3138.8819450638243,1241.8091576165828,0.9579032,0.04209673,6.1224937,6.648797,Rock---Hard Rock,0.17800619,Rock---Alternative Rock,0.1456464,Rock---Pop Punk,0.12744714,Rock---Pop Rock,0.08625326,Pop---Ballad,0.079913914,0.00074644765,3.3479173e-05,4.9981474e-05,0.0015796957,0.10380187,0.04114183,0.004776432,0.012762109,0.00051391096,0.024909463,0.01788203,0.14385504,0.0017635784,1.257848,0.007004733,,justin_moore_priscilla_block__you_me_whiskey__1646554346.0.m4a
29.975510204081633,161.62013244628906,2.6223950386047363,0.2647218704223633,F#,major,0.9624907374382019,2470.5752090123415,1144.093081825658,0.18460213,0.81539786,5.5714784,5.044552,"Folk, World, & Country---Gospel",0.1544192,Rock---Southern Rock,0.121364765,"Folk, World, & Country---Volksmusik",0.11744023,Rock---Pop Rock,0.0998064,Rock---Soft Rock,0.088967584,0.020776855,0.00023036341,0.0015241536,0.0017927601,0.08127295,0.43430802,0.014193571,0.026576627,0.008447829,0.03266859,0.033154987,0.16801697,0.009390279,0.9855994,0.0039181146,,luke_combs__going_going_gone__1619409103.0.m4a
29.975510204081633,107.83010864257812,3.325730800628662,0.3135409653186798,C,minor,0.8427742719650269,4492.084314021533,2610.6342138520704,0.9999993,6.7462827e-07,6.1205444,5.785553,Pop---K-pop,0.43274298,Hip Hop---Pop Rap,0.18568994,Electronic---Dance-pop,0.16711345,Hip Hop---RnB/Swing,0.09895379,Electronic---Tropical House,0.07139973,0.00091180817,6.247371e-05,0.0023929207,4.6327223e-05,0.63451767,0.005594337,0.12468442,0.49689513,0.0047427523,0.021994032,0.0087775225,0.5956323,0.041927237,0.03578978,0.002944715,,jung_kook_jack_harlow__3d__1707603486.0.m4a
29.975510204081633,95.86578369140625,3.5090153217315674,0.30855992436408997,C,minor,0.8714122772216797,3602.6566510982925,2038.0543428308824,1.0,1.3243852e-08,4.897691,5.285989,Reggae---Ragga,0.3867848,Reggae---Dancehall,0.29444897,Hip Hop---Bounce,0.27524167,Hip Hop---Gangsta,0.18300071,Hip Hop---Ragga HipHop,0.14313857,8.81766e-05,6.639921e-05,8.314381e-06,7.442403e-07,0.023999618,0.005660026,0.012146967,0.87142044,0.00037607594,0.019314626,9.8704986e-05,0.0023191692,0.7794947,0.0010274727,0.0004513521,,sean_paul_feat_keyshia_cole__when_you_gonna_give_it_up_to_me__80429680.0.m4a
29.92907029478458,100.00594329833984,3.769439220428467,0.25653311610221863,B,minor,0.8643701076507568,2406.8152812159337,752.0763308502907,0.9999997,2.4338664e-07,5.5807414,6.0517635,Electronic---Chillwave,0.304733,Electronic---Downtempo,0.2794917,Electronic---Synth-pop,0.2502125,Pop---Indie Pop,0.2226504,Electronic---Tropical House,0.19286622,0.00055759103,1.8243926e-06,0.00011161543,0.00013861532,2.0887804,0.006308389,0.13315982,0.064835824,0.0015711924,0.018251738,0.0002622731,0.2687389,0.00649701,0.08000552,0.00065861916,,drake_featuring_majid_jordan__hold_on_we_re_going_home__1440829630.0.m4a
29.92907029478458,178.205810546875,0.2728946805000305,0.17684532701969147,C#,minor,0.5721923112869263,1073.7563316995784,386.7630359738372,0.31696442,0.6830356,3.954817,3.742853,Electronic---Downtempo,0.07760872,"Folk, World, & Country---Folk",0.06813069,Funk / Soul---Neo Soul,0.06774742,"Folk, World, & Country---Fado",0.06306519,Electronic---Trip Hop,0.060625542,0.03967699,0.00068640005,0.0060289446,0.04365458,0.50269127,0.24552742,0.20521939,0.21556279,0.16561651,0.04621983,0.034136616,0.1512651,0.009993568,0.30175588,0.009929977,,j_cole__she_s_mine_pt_1__1440924585.0.m4a
29.975510204081633,84.8890380859375,3.0786426067352295,0.3274330496788025,C,minor,0.8841408491134644,3362.750299506881,1035.9604023558436,1.0,7.524838e-09,5.1330423,4.9236326,Hip Hop---Trap,0.42867443,Latin---Reggaeton,0.29291493,Hip Hop---Cloud Rap,0.04978097,Funk / Soul---Contemporary R&B,0.048361406,Pop---Vocal,0.039487988,0.0002488905,4.701968e-06,0.00013868653,3.3731903e-05,0.106957175,0.0010842694,0.065846026,0.5828483,0.0003978984,0.29407957,0.00030910998,0.10219781,0.003993459,0.005925915,0.0004757989,,ariana_grande__break_up_with_your_girlfriend_i_m_bored__1450334170.0.m4a
29.975510204081633,90.9798355102539,3.6717731952667236,0.2991316616535187,D,major,0.85624098777771,2799.3909930887608,1790.9558370017414,1.0,8.580258e-08,5.9809537,5.4244514,Electronic---Tropical House,0.4718789,Electronic---Dance-pop,0.17777336,Electronic---Deep House,0.15987775,Hip Hop---Trap,0.15040831,Pop---Ballad,0.13751797,0.00034665706,1.7080438e-05,0.00016738063,4.5717887e-05,1.4813954,0.0031988756,0.13865103,0.3403962,0.0009715406,0.04839018,0.00047466415,0.4524741,0.012298899,0.011958416,0.00044967816,,daya__sit_still_look_pretty__1749268241.0.m4a
29.975510204081633,95.44548034667969,0.5061327219009399,0.2597592771053314,Ab,major,0.9217771887779236,2891.238179682209,1282.4755783789667,0.99933463,0.00066537166,5.0858946,5.549473,Funk / Soul---Contemporary R&B,0.22712392,Funk / Soul---Neo Soul,0.1411365,Pop---K-pop,0.119161114,Pop---Ballad,0.103533044,Electronic---House,0.09445821,0.013539374,0.000102137165,0.007963339,0.0012173333,0.5892417,0.09425889,0.5455283,0.2996224,0.01200302,0.038066894,0.0045066047,0.36110863,0.031958386,0.11749542,0.0054882867,,beyonce__16_carriages__1730408582.0.m4a
29.92907029478458,107.65939331054688,3.1669936180114746,0.325727641582489,F,major,0.8428387641906738,3527.6393696629725,2318.141124636628,0.99972296,0.0002771723,6.7199025,6.0467896,Pop---K-pop,0.5740713,Electronic---Dance-pop,0.16905105,Electronic---Synth-pop,0.087319694,Electronic---Electro,0.081657104,Electronic---Tropical House,0.08041073,0.004041694,0.00044723257,0.0015175343,0.001453176,0.6842796,0.019577768,0.1401579,0.06174425,0.006196366,0.016754437,0.0041391365,0.74072844,0.015821688,0.13946325,0.007410376,,panic_at_the_disco__hey_look_ma_i_made_it__1361152140.0.m4a
29.92907029478458,153.79757690429688,2.42515230178833,0.3004576563835144,D,major,0.9327451586723328,3711.417742872608,1251.997183866279,0.4952196,0.5047804,6.236165,5.507511,Rock---Pop Rock,0.28866786,Pop---Ballad,0.21778916,Rock---Alternative Rock,0.16704494,Non-Music---Religious,0.13636135,Pop---Novelty,0.12938654,0.028642727,0.00018191343,0.006824114,0.0013429543,0.08688501,0.13308698,0.022390816,0.024774054,0.011087124,0.074260324,0.15870929,0.8363229,0.011942408,1.1405625,0.018874492,,billy_ray_cyrus_with_miley_cyrus__ready_set_don_t_go__1443499196.0.m4a
29.975510204081633,161.4989471435547,2.6494545936584473,0.29481178522109985,G,major,0.9269695281982422,2189.9888729414333,1071.8768518406541,0.999929,7.100826e-05,6.633499,5.5928197,"Folk, World, & Country---Nordic",0.21483228,Pop---Indie Pop,0.16850232,"Folk, World, & Country---Folk",0.13623954,Rock---Indie Rock,0.103149675,Rock---Alternative Rock,0.09790454,0.0021888304,0.00036697855,0.0005108722,0.015037955,0.5273286,0.40268034,0.04722649,0.018899754,0.0048059444,0.017251668,0.024707051,0.33327878,0.0032976167,0.56906354,0.014900788,,taylor_swift__would_ve_could_ve_should_ve__1650841755.0.m4a
29.975510204081633,98.02751159667969,3.723857879638672,0.32383906841278076,C#,major,0.7889441847801208,2204.4098761591013,844.6448925478909,0.7836857,0.21631436,5.1659145,5.0652795,Pop---K-pop,0.33951667,Pop---Ballad,0.15828848,Rock---Indie Rock,0.0964468,Pop---Vocal,0.08470219,Rock---Pop Rock,0.08453053,0.01683457,9.266787e-05,0.0019820656,0.00078780885,0.17210397,0.0718835,0.05331997,0.015912458,0.02372769,0.057239506,0.008765574,0.7260216,0.019069884,0.5865318,0.0021240844,,morgan_wallen__20_cigarettes__1802104202.0.m4a
29.975510204081633,80.6522216796875,4.278075695037842,0.30084773898124695,C#,major,0.9865262508392334,3002.5555360398425,1831.1055942216524,0.56229484,0.43770513,5.578541,5.2519355,Rock---Alternative Rock,0.20806462,Rock---Pop Rock,0.14650522,Rock---Pop Punk,0.13767742,"Folk, World, & Country---Gospel",0.10349048,Pop---Ballad,0.07319878,0.012132146,0.00018901183,0.00025307172,0.0004603339,0.06666588,0.17805637,0.014257127,0.011787157,0.0012431989,0.05728841,0.049486414,0.1502184,0.0049496684,1.1981528,0.0021555813,,cody_johnson__til_you_can_t__1582024384.0.m4a
29.975510204081633,161.94239807128906,2.229519844055176,0.28950750827789307,A,major,0.8302532434463501,1666.6506135426807,552.2466606399961,0.9992238,0.0007763073,5.285394,4.6871824,Electronic---Synth-pop,0.23027858,Electronic---Electro,0.2108741,Pop---Indie Pop,0.1591851,Electronic---Experimental,0.0958876,Electronic---House,0.07792905,0.0007820083,6.150232e-05,0.0003853811,0.002269742,1.5627203,0.018274251,0.031114556,0.047396373,0.0039746305,0.0071308357,0.004077642,0.21755266,0.00481045,0.26438004,0.0026449584,,taylor_swift__so_long_london__1742058083.0.m4a
29.92907029478458,112.80718994140625,2.5371527671813965,0.3999406397342682,C,major,0.8801820278167725,2101.6733505130737,846.7055777616279,0.9999956,4.4651674e-06,5.062775,5.5972204,Hip Hop---Trap,0.46416435,Hip Hop---Cloud Rap,0.3673575,Hip Hop---Grime,0.06933101,Hip Hop---Pop Rap,0.062023442,Electronic---Hip Hop,0.0508104,0.0019942878,3.5562625e-05,5.8397163e-05,5.500881e-05,0.34148303,0.0035666733,0.05716875,1.2501347,0.0019006637,0.024025159,0.000838325,0.060844824,0.020952597,0.04921914,0.0014563008,,kanye_west__father_stretch_my_hands_pt_1__1442966474.0.m4a
29.975510204081633,92.19121551513672,3.2744202613830566,0.26946064829826355,C,major,0.5185337066650391,3401.1698484627454,1873.388671875,0.9999998,2.1317139e-07,3.5474072,5.032209,Hip Hop---Boom Bap,0.4109659,Hip Hop---Conscious,0.3372566,Hip Hop---Trap,0.3000765,Hip Hop---Grime,0.20027922,Hip Hop---Cloud Rap,0.13384499,0.0007066239,7.514645e-06,0.00026122876,2.7170361e-05,0.07100691,0.0037937725,0.06356292,1.7462252,0.0017705185,0.006358606,0.03941025,0.0049433038,0.0149106905,0.012657686,0.00057000597,,j_cole__1985_intro_to_the_fall_off__1373861504.0.m4a
29.975510204081633,142.94500732421875,2.3092739582061768,0.3992551863193512,F#,minor,0.9319203495979309,2892.9889479598764,847.3782093532315,1.0,2.6604041e-09,5.7402077,5.148709,Hip Hop---Cloud Rap,0.4964764,Hip Hop---Trap,0.33232394,Hip Hop---Conscious,0.12365319,Hip Hop---Pop Rap,0.092924304,Hip Hop---Screw,0.04595897,0.000116154886,7.8789174e-07,1.04884975e-05,9.555887e-06,0.096695706,0.0011737047,0.029049307,1.3193418,0.0005355338,0.009077202,0.000119929435,0.03477185,0.0101972185,0.046997715,0.00028650416,,travis_scott__4x4__1792325795.0.m4a
29.975510204081633,114.43939208984375,2.497797966003418,0.3314485549926758,B,minor,0.8121721744537354,3066.929250664017,1897.5718589759094,0.8042188,0.19578113,7.342772,5.2860003,Rock---Punk,0.3720835,Rock---Alternative Rock,0.20047341,Rock---Pop Punk,0.18619758,Rock---Hard Rock,0.11052919,Rock---Gothic Metal,0.10729215,0.0020486626,6.734465e-05,0.00024223673,0.002686157,0.023570785,0.031724952,0.0006473021,0.0045452435,0.0024751085,0.0017807229,0.0088545205,0.010208285,0.0047263107,2.0133438,0.0027082711,,fall_out_boy__dance_dance__1440749367.0.m4a
29.975510204081633,83.82112121582031,2.623673915863037,0.3475525677204132,F,major,0.8657025694847107,3277.4280938304983,1342.9585459800696,0.9999998,1.8116316e-07,5.2010903,5.1009316,Hip Hop---Trap,0.13705881,Hip Hop---Pop Rap,0.11573555,Hip Hop---Cloud Rap,0.11000006,Hip Hop---Bounce,0.097400025,Reggae---Dancehall,0.09125285,0.0011171325,5.3040603e-06,0.0058394764,0.0001065008,0.39620233,0.020170342,0.11487704,0.71389985,0.00285468,0.1003866,0.0012968709,0.17419875,0.2891465,0.019611498,0.00078470947,,t_pain_featuring_wiz_khalifa_lily_allen__5_o_clock__926945773.0.m4a
29.975510204081633,96.97098541259766,4.119113445281982,0.27506887912750244,E,major,0.8877196311950684,3530.212229820228,1644.1900578076625,0.99998194,1.8147184e-05,5.7270503,6.5885186,Pop---K-pop,0.16010758,Rock---Pop Rock,0.132139,Latin---Reggaeton,0.11261092,Rock---Alternative Rock,0.09686487,Pop---Ballad,0.095212676,0.0036547498,0.00010723969,0.0005820889,0.00096342096,0.5459148,0.048629183,0.13473941,0.067815006,0.03028973,0.13153714,0.010702735,0.4802547,0.026626196,0.41077402,0.0042248606,,train__hey_soul_sister__425320500.0.m4a
29.92907029478458,178.205810546875,2.6966497898101807,0.24730123579502106,Bb,major,0.9379037022590637,3112.8637020613796,1233.4686137354652,0.91627973,0.08372025,4.8200893,5.673097,Electronic---Disco Polo,0.3705375,Pop---Europop,0.20304437,Electronic---Eurodance,0.1353542,Pop---Bubblegum,0.11505877,Pop---Ballad,0.107785776,0.004502414,9.404322e-05,0.005023217,0.0021005664,0.85081154,0.07671264,0.21413209,0.16784827,0.0071652904,0.08125052,0.026034918,0.67538536,0.01675074,0.1400708,0.0054219156,,dan_shay_justin_bieber__10_000_hours__1576237877.0.m4a
29.92907029478458,119.00238037109375,3.1480422019958496,0.27624064683914185,B,major,0.9391474723815918,3351.778623406462,1519.9102925145348,0.35568967,0.64431036,5.7970967,5.1449327,Rock---Pop Rock,0.14729966,Rock---Alternative Rock,0.14258708,Rock---Indie Rock,0.07902551,Rock---Southern Rock,0.071354404,Latin---Cumbia,0.05779961,0.08356845,0.0004595863,0.0010251157,0.0016248559,0.049899135,0.08952879,0.028010998,0.009298502,0.026452065,0.12566143,0.007280757,0.10546351,0.014295086,1.0699295,0.0073691662,,gloriana__kissed_you_good_night__470758198.0.m4a
29.92907029478458,96.96818542480469,3.9440910816192627,0.2727917730808258,D,major,0.893498957157135,3123.430830891927,1833.2100517805231,0.8670424,0.13295762,5.828978,5.4760027,Rock---Pop Rock,0.16153397,Rock---Alternative Rock,0.10312931,Pop---Vocal,0.07586284,Pop---Ballad,0.06701687,Reggae---Reggae-Pop,0.05521706,0.0054671536,0.00057725766,0.0071774283,0.00043151522,0.35857096,0.06602485,0.06586771,0.09479039,0.028318277,0.06244819,0.011219319,0.37157297,0.141044,0.6644266,0.0037473189,,glee_cast__hey_soul_sister__434383244.0.m4a
29.92907029478458,111.0085220336914,3.9053101539611816,0.2749447524547577,E,major,0.8946040868759155,3291.069709340177,1829.1871820494187,0.8750515,0.1249485,6.9367514,6.0093856,Pop---Schlager,0.2711914,Pop---Europop,0.18231493,"Folk, World, & Country---Volksmusik",0.13702013,Pop---Ballad,0.12966773,Rock---Pop Rock,0.118328035,0.0036036707,0.0011546572,0.00092395337,0.0044827163,0.28578752,0.20105523,0.116665885,0.018817341,0.0035587826,0.006667465,0.008121681,0.83444303,0.0022848514,0.62899053,0.033376995,,glee_cast__i_ve_had_the_time_of_my_life__401927031.0.m4a
29.92907029478458,79.56277465820312,3.873910427093506,0.25751709938049316,F,major,0.9107232689857483,2347.1115596327672,979.7607421875,0.20047104,0.799529,4.8373733,5.0810585,Rock---Alternative Rock,0.30900422,Rock---Pop Rock,0.20481576,Rock---Hard Rock,0.19678086,Rock---Heavy Metal,0.088394664,Rock---Southern Rock,0.08447989,0.0073402077,5.4317818e-05,0.00022605744,0.00096678303,0.03398643,0.03446439,0.0023916054,0.0031833986,0.0021260597,0.013979845,0.023653207,0.10097656,0.0028620295,2.0714133,0.00324774,,green_day__21_guns__315611467.0.m4a
29.975510204081633,122.20079803466797,3.277047634124756,0.3178609013557434,D,minor,0.8397694230079651,2581.935252139443,939.5109855722717,0.9999998,1.3737409e-07,6.1354923,6.549721,Pop---K-pop,0.27654967,Electronic---Synth-pop,0.20645729,Electronic---Dance-pop,0.15477324,Electronic---House,0.09738698,Pop---Bubblegum,0.07128136,0.00041292433,0.00015277398,0.0008986875,0.00075534376,1.2475681,0.010655554,0.02530572,0.079693966,0.0032730037,0.015678063,0.002096557,0.5276817,0.012351965,0.045881975,0.004331887,,bizarrap_shakira__bzrp_music_sessions_vol_53__1731060236.0.m4a
29.975510204081633,76.85771942138672,2.906912326812744,0.27558454871177673,G,major,0.8500364422798157,2019.4128828019182,1021.5938225619195,0.04992472,0.95007527,5.248389,5.414601,"Folk, World, & Country---Country",0.0950902,Rock---Pop Rock,0.08134896,Rock---Southern Rock,0.07685283,"Folk, World, & Country---Éntekhno",0.074711114,"Folk, World, & Country---Folk",0.0733095,0.07730063,0.00092113455,0.008369001,0.005408875,0.043035265,0.46215853,0.018568452,0.008435961,0.015272247,0.053362884,0.012263677,0.18478587,0.016442709,0.6967049,0.009336985,,luke_bryan__huntin_fishin_and_lovin_every_day__1440869441.0.m4a
29.92907029478458,144.52825927734375,2.9911551475524902,0.3427484929561615,Ab,minor,0.889940619468689,3846.917217970264,1838.9021620639535,0.9998454,0.00015464668,6.7013865,5.962785,Electronic---Hands Up,0.2836769,Electronic---Dubstep,0.21089855,Electronic---House,0.2104144,Electronic---Hard Trance,0.15760893,Electronic---Electro House,0.11194482,0.00037704056,3.6344736e-06,0.0015098004,0.00052111695,1.8175524,0.009463935,0.027051467,0.13239683,0.0012309329,0.034954626,0.000586257,0.16756761,0.010996547,0.019274816,0.0026939034,,david_guetta_featuring_justin_bieber__2u__1445023444.0.m4a
29.975510204081633,162.3437957763672,2.339203357696533,0.3295503854751587,G,major,0.882415235042572,3229.059645283702,1718.2896097378095,0.9641373,0.03586267,7.553596,5.4122076,Rock---Alternative Rock,0.33575785,Rock---Punk,0.16064094,Rock---Nu Metal,0.15969706,Rock---Pop Punk,0.14175834,Rock---Pop Rock,0.115568444,0.00085425196,0.00079859846,9.3019145e-05,0.0013753385,0.052181084,0.036356386,0.004739461,0.016414126,0.0029251655,0.004633009,0.004858306,0.0834642,0.009223347,1.861341,0.0050703,,fall_out_boy__sugar_we_re_goin_down__1440560144.0.m4a
29.975510204081633,144.6813507080078,0.9395323991775513,0.24382111430168152,F,major,0.9237174391746521,2086.785596369221,733.4955646526703,0.81148225,0.18851784,4.8675265,4.8197083,Pop---Ballad,0.19241177,Pop---K-pop,0.17322215,Rock---Alternative Rock,0.13985524,Rock---Indie Rock,0.13505997,Rock---Acoustic,0.08750035,0.013278189,0.00059062295,0.00919325,0.007545542,0.34458584,0.07268295,0.065757245,0.07331811,0.055448998,0.035300907,0.021510966,0.58621895,0.010743448,0.87879765,0.010094972,,taylor_swift__tis_the_damn_season__1544268343.0.m4a
29.975510204081633,139.91357421875,1.9018703699111938,0.275793194770813,C,minor,0.8778116703033447,3900.554507276222,1912.8384333276897,0.9999884,1.1667758e-05,5.1136136,4.781191,Hip Hop---Hardcore Hip-Hop,0.390538,Hip Hop---Trap,0.36044133,Hip Hop---Horrorcore,0.3574118,Hip Hop---Grime,0.21453343,Hip Hop---Conscious,0.19826709,0.00016424285,3.3827382e-05,0.000101485144,4.2648455e-05,0.13520229,0.0008227269,0.0020723264,2.2384028,0.00036147394,0.0010983031,0.0018612595,0.003292226,0.001126257,0.014524827,0.0009017383,,pop_smoke__44_bulldog__1874543474.0.m4a
29.92907029478458,119.02667999267578,3.3063385486602783,0.177937313914299,F,major,0.9038097262382507,2534.286454453579,1559.654910065407,0.99947435,0.00052564143,6.4129653,6.907878,Electronic---Synth-pop,0.30302188,Electronic---Disco,0.22920075,Electronic---Euro-Disco,0.16621001,Electronic---Italo-Disco,0.09392214,Funk / Soul---Disco,0.09142401,0.008958654,0.00014804369,0.00092669553,0.0064279465,1.2036078,0.020945936,0.3794729,0.027947232,0.03223712,0.007150211,0.005466282,0.18074904,0.0114774145,0.28740123,0.03503182,,prince__1999__1544173942.0.m4a
29.92907029478458,112.45127868652344,4.022439479827881,0.24876141548156738,D,major,0.941523015499115,2545.897490839995,1314.309933684593,0.043089207,0.95691067,6.2571373,5.3572965,"Folk, World, & Country---Country",0.48635268,Rock---Country Rock,0.36991423,Pop---Schlager,0.1936725,"Folk, World, & Country---Honky Tonk",0.19277559,"Folk, World, & Country---Volksmusik",0.14116672,0.08190643,0.00017497152,0.0017195682,0.0006750019,0.010123376,1.1044868,0.011746896,0.0011109764,0.0017281086,0.0007265952,0.025739145,0.22882892,0.0009087276,0.7231533,0.0044638584,,darryl_worley__awful_beautiful_life__1443592008.0.m4a
29.975510204081633,115.50094604492188,1.7039191722869873,0.2755504846572876,Bb,major,0.902132511138916,2815.033172843626,880.4113429397253,0.9905795,0.009420472,5.234609,5.209289,Pop---K-pop,0.2846645,Pop---Ballad,0.26675248,Electronic---Dance-pop,0.08990742,Children's---Nursery Rhymes,0.061180457,Pop---Vocal,0.057895537,0.003361709,0.0002675982,0.065421365,0.004612067,0.5084107,0.14804529,0.062411983,0.077909045,0.017207433,0.03561198,0.02541198,0.808529,0.0121928435,0.28954104,0.011159827,,gracie_abrams__i_love_you_i_m_sorry__1770861177.0.m4a
29.975510204081633,104.86538696289062,1.5719927549362183,0.17230017483234406,B,minor,0.924369215965271,2176.5581325377475,852.3115128555534,0.6657583,0.3342417,4.519693,4.7910795,Pop---Ballad,0.11028352,Pop---Vocal,0.10651532,Electronic---Trip Hop,0.10618928,Rock---Alternative Rock,0.07510559,"Folk, World, & Country---Folk",0.07276842,0.014690384,0.0072604185,0.009626018,0.06919724,0.52123606,0.29171175,0.117513195,0.07827497,0.046749257,0.031296268,0.033396892,0.34826988,0.011720546,0.64233416,0.027523756,,pentatonix__mary_did_you_know__1049043307.0.m4a
29.975510204081633,117.85771179199219,3.09527850151062,0.24740935862064362,F#,major,0.9254626631736755,2984.8785558647414,999.6772884215363,0.5761948,0.42380518,5.739763,5.494557,Rock---Alternative Rock,0.21556884,Rock---Pop Rock,0.09155179,Rock---Indie Rock,0.07463863,Rock---Hard Rock,0.065894134,Rock---Folk Rock,0.059723783,0.05864416,0.002622237,0.004574687,0.010920983,0.36045852,0.16127838,0.03244773,0.023639513,0.014980757,0.016144145,0.014002567,0.10605541,0.019596847,1.4052048,0.015498123,,phillip_phillips__gone_gone_gone__1443181870.0.m4a
29.92907029478458,116.17340087890625,2.4697093963623047,0.2744864523410797,G,major,0.5088671445846558,3324.4889456342357,2381.0047238372094,0.9999998,1.5962134e-07,7.023382,5.322175,Hip Hop---Trap,0.25581792,Electronic---House,0.080486394,Hip Hop---Cloud Rap,0.07427977,Funk / Soul---Contemporary R&B,0.066612236,Electronic---Bassline,0.06575948,0.00028306435,6.1573504e-05,3.5944373e-05,1.6781092e-05,0.8112892,0.0016374963,0.12393209,0.4976354,0.00073509297,0.010824536,0.0005278122,0.07086629,0.003168451,0.007899015,0.0009684396,,ciara_featuring_missy_elliott__1_2_step__1674065022.0.m4a
29.975510204081633,172.265625,0.5548609495162964,0.18516607582569122,D,major,0.8827824592590332,1722.5360169307367,776.5786374685565,0.96523124,0.034768816,4.4646316,4.418778,Pop---Ballad,0.14365572,"Folk, World, & Country---Fado",0.106862955,Pop---K-pop,0.10391632,Electronic---Tropical House,0.07687837,Funk / Soul---Neo Soul,0.061464243,0.010975844,5.878594e-05,0.019152837,0.011089216,0.5115857,0.21586338,0.15566966,0.042944644,0.10016331,0.052240964,0.014485803,0.448652,0.0052381847,0.15227987,0.011176963,,olivia_rodrigo__1_step_forward_3_steps_back__1560735846.0.m4a
29.975510204081633,103.77373504638672,2.842103958129883,0.21931396424770355,G,major,0.9664297699928284,5980.670951252751,7022.574202121226,1.0,7.750723e-08,6.4276257,6.4716916,Electronic---Synth-pop,0.17920397,Pop---K-pop,0.16460271,Rock---Pop Rock,0.15343457,Pop---Ballad,0.1182886,Rock---Alternative Rock,0.10811565,0.0009207939,2.592602e-05,0.0016045184,0.00081279274,0.76825994,0.014577613,0.06380533,0.16513024,0.002482657,0.031087758,0.013018572,0.688264,0.012923513,0.39732015,0.007467121,,taylor_swift__22__1440935562.0.m4a
29.92907029478458,106.93905639648438,3.788456678390503,0.2576734721660614,F,minor,0.8879818916320801,3871.827827607384,2076.6687863372094,0.9999934,6.578987e-06,6.7364397,6.444542,Hip Hop---G-Funk,0.52500707,Funk / Soul---Funk,0.36395815,Funk / Soul---Boogie,0.20344178,Hip Hop---Gangsta,0.14976831,Funk / Soul---P.Funk,0.12474729,0.0001304879,1.9688008e-05,0.00097457535,3.3706376e-05,0.2996646,0.0032346582,0.86304265,0.95060647,0.0016630427,0.00535463,0.0024737644,0.06882959,0.010995495,0.010660583,0.0013834265,,bruno_mars__24k_magic__1161504024.0.m4a
29.975510204081633,161.59915161132812,2.5384979248046875,0.33122518658638,A,major,0.92436683177948,3907.265464664613,2680.150460163506,0.73076934,0.2692307,6.8407607,5.5017323,Rock---Pop Rock,0.36202282,Rock---Alternative Rock,0.26538002,Rock---Indie Rock,0.09625658,Rock---Southern Rock,0.07026802,Rock---Brit Pop,0.061147124,0.010915134,7.7451805e-05,6.1020175e-05,0.00019308607,0.062447716,0.106701,0.011939597,0.046755362,0.0016457856,0.03820861,0.03871912,0.16837431,0.002424295,1.3290398,0.0022912056,,luke_bryan__sunrise_sunburn_sunset__1440881618.0.m4a
29.975510204081633,110.07179260253906,2.6141345500946045,0.16428427398204803,D,major,0.9620736837387085,2843.6391473067433,1429.7246879837462,0.8508911,0.14910884,5.2761774,4.953957,Blues---Modern Electric Blues,0.12445679,"Folk, World, & Country---Folk",0.068618506,Rock---Alternative Rock,0.04336064,Pop---Vocal,0.043324076,Rock---Indie Rock,0.0418166,0.20041624,0.014868693,0.015910532,0.016384536,0.30052638,0.16520984,0.1387184,0.02753913,0.0997077,0.035017245,0.03421965,0.20842177,0.041512553,0.41700208,0.01852097,,feist__1234__1625200061.0.m4a
29.975510204081633,118.08879852294922,2.5314853191375732,0.27080217003822327,A,minor,0.8989078998565674,2872.7803412989565,1120.0765603836107,0.99850225,0.0014977787,5.879529,5.680359,Pop---K-pop,0.1406807,Electronic---Synth-pop,0.09255281,Electronic---Electro,0.077227354,Pop---Ballad,0.07137759,Electronic---House,0.061556753,0.008489085,0.00016802174,0.00218511,0.0022839387,0.8132394,0.05001194,0.21605924,0.06672329,0.035650373,0.018683467,0.003948458,0.346092,0.0261718,0.2670877,0.007149472,,harry_styles__ready_steady_go__1870984038.0.m4a
